target_case,method,estimated_E_scale,estimated_density_scale,joint_error_percent
target_001,fixed_default,1.0,1.0,15.59454191033139
target_001,response_nearest,0.85,1.35,5.263157894736841
target_001,response_knn,0.882678827847039,1.3945609682759765,5.193625819441517
target_001,global_ridge,0.9600263981795364,1.378568434919615,1.5857953495519825
target_001,local_ridge,0.9567189635593326,1.3556649304865884,0.5634419012615208
target_001,parameter_nearest_oracle,0.85,1.35,5.263157894736841
target_002,fixed_default,1.0,1.0,53.03030303030303
target_002,response_nearest,0.65,1.75,7.1969696969697035
target_002,response_knn,0.6212564517105984,1.646290645803465,1.8837756485054733
target_002,global_ridge,0.6478531861087271,1.6037013094035204,5.390756133196337
target_002,local_ridge,0.6177950263823296,1.6495502204555863,1.496548548358187
target_002,parameter_nearest_oracle,0.55,1.65,4.166666666666662
target_003,fixed_default,1.0,1.0,6.926406926406932
target_003,response_nearest,0.95,1.1,4.761904761904765
target_003,response_knn,0.9715122161145696,1.1,3.73751351835383
target_003,global_ridge,1.045666730654289,1.1602258138040047,2.943883150410689
target_003,local_ridge,1.0512774305531698,1.1068125740404142,0.37049248272387747
target_003,parameter_nearest_oracle,1.05,1.2,4.54545454545454
target_004,fixed_default,1.0,1.0,31.25
target_004,response_nearest,0.85,1.65,4.68749999999999
target_004,response_knn,0.8824379672414573,1.5584966013576231,6.449354160165358
target_004,global_ridge,0.8471551045152256,1.566139758568195,4.005326576945501
target_004,local_ridge,0.804023126468166,1.6048589049845206,0.4032861850266356
target_004,parameter_nearest_oracle,0.85,1.65,4.68749999999999
target_005,fixed_default,1.0,1.0,29.761904761904766
target_005,response_nearest,0.75,1.2,3.5714285714285747
target_005,response_knn,0.6893202559590291,1.2123748057171493,1.278455764950567
target_005,global_ridge,0.7304315191201608,1.2595115920229394,4.653329604776823
target_005,local_ridge,0.6986407322615708,1.2051501388914292,0.31167967322116125
target_005,parameter_nearest_oracle,0.65,1.2,3.571428571428567
