case_name,E_scale,density_scale,norm_auc_rms_disp,norm_initial_slope_rms_0_5,norm_peak_rms_velocity_proxy,norm_auc_rms_velocity_proxy,early_velocity_ratio
candidate_006,0.5,0.75,2.197232292920665,0.01959110911946255,0.023501574544217304,0.340455053281081,0.2898461292359153
candidate_007,0.5,1.0,1.8783484788536546,0.01507800981400777,0.017653256981732483,0.2630860741262557,0.2883284661364076
candidate_008,0.5,1.25,1.7371929435476685,0.012256154251909627,0.014143690697499238,0.20723761885652428,0.2974645602869109
candidate_009,0.5,1.5,1.6746475313035027,0.010327570346871113,0.011802740793704056,0.16826928855362006,0.3086954916879595
candidate_010,0.5,1.75,1.6065325355480813,0.008925808195988224,0.010129347104835812,0.14046665049948903,0.3195947606045521
candidate_001,0.55,1.1,1.704523005579279,0.013710649996730792,0.016047086268859985,0.23952386625323438,0.2878809419425466
candidate_002,0.55,1.2,1.6435819553120388,0.012650539597820615,0.014718049374258272,0.21894653898493763,0.29056435426601845
candidate_003,0.55,1.35,1.58137672503867,0.011336954057239217,0.013093404343818038,0.1927216103444077,0.29582465993717794
candidate_004,0.55,1.5,1.5427733673088795,0.010271626759639173,0.011793294032618362,0.17116930807536282,0.30178035494531874
candidate_005,0.55,1.65,1.5158882018610762,0.009390284551629074,0.01072920690639995,0.15337027571582207,0.30790781501163916
candidate_011,0.65,0.75,2.002390248218609,0.019015838452828025,0.023472646495064902,0.31902070791371634,0.30025052151187237
candidate_012,0.65,1.0,1.6638331335202896,0.014744363990514507,0.017624003535999626,0.2578297243989462,0.2876403569714522
candidate_013,0.65,1.1,1.5700825670077745,0.013525109452856263,0.016029459155001716,0.23804344226395252,0.2857036680006322
candidate_014,0.65,1.2,1.4957020703559705,0.012491868016989382,0.014700768177485531,0.21985053594048032,0.2856666521580958
candidate_015,0.65,1.25,1.4643517901288328,0.012032352933175198,0.014116156576941482,0.2113870524152447,0.2861627163561997
candidate_016,0.65,1.35,1.412592086352818,0.011208002030756085,0.013076842830473235,0.1957192561690384,0.287887043090226
candidate_017,0.65,1.5,1.35586055276706,0.010164127455460185,0.011777584120234118,0.17518288801208745,0.29168925683806785
candidate_018,0.65,1.65,1.3175881327037493,0.009298926090440878,0.010714337601848544,0.15774447137431755,0.2963788989603096
candidate_019,0.65,1.75,1.2998806211555713,0.008799900239857734,0.010106603056462393,0.1475986420898753,0.29976532572135817
candidate_020,0.75,1.1,1.4860794225247276,0.013343100781054981,0.01601633336050639,0.23216767962524446,0.288994048004123
candidate_021,0.75,1.2,1.4059937036553187,0.01233734392338361,0.014687690752752162,0.2168561622203149,0.2860102701367901
candidate_022,0.75,1.5,1.2420233271649086,0.010060896416336517,0.011765150892785028,0.1767568688315948,0.28608124866762097
candidate_023,0.75,1.65,1.1916951072561068,0.009211450695112762,0.010702374147390604,0.1602473344758017,0.2889242928751343
candidate_024,0.85,0.75,1.7771547550489588,0.018259452635813144,0.02345197062045283,0.3174082633312458,0.28992068611733796
candidate_025,0.85,1.0,1.5166236395403492,0.014308424035529227,0.01760145589817477,0.24078094735552955,0.29894164484126756
candidate_026,0.85,1.1,1.4250947771773335,0.013162648149838429,0.016006524559081185,0.22384279259897966,0.2957085193456701
candidate_027,0.85,1.2,1.3450080102964155,0.012184868362484334,0.014677716321536005,0.21080319137049558,0.29059948453032797
candidate_028,0.85,1.25,1.3091929469159627,0.011748018469674071,0.014093120844245943,0.20469802276842675,0.28850709649498757
candidate_029,0.85,1.35,1.2459722480894588,0.010961431159591932,0.013053999111075172,0.19280907881406537,0.2857416670549192
candidate_030,0.85,1.5,1.1689429809492204,0.009960424505695039,0.011755266605216157,0.17609974161371517,0.2842442124596074
candidate_031,0.85,1.65,1.1101724392860404,0.009126791299380895,0.010692730975756348,0.1609523381390343,0.28495647734325075
candidate_032,0.85,1.75,1.0794292373145637,0.008644519561740173,0.010085550484007185,0.1517599273395885,0.28625291528817476
candidate_033,0.95,1.1,1.371855391631377,0.01298279354476974,0.01599907121848836,0.21849777688396646,0.2988313526828557
candidate_034,0.95,1.2,1.2962836514443528,0.012033294531208006,0.014670048981390271,0.20400116629536474,0.29657646883136835
candidate_035,0.95,1.5,1.1189742727773384,0.009861688043482645,0.01174735375188472,0.17354792538162744,0.28556105122558506
candidate_036,0.95,1.65,1.0552788470898968,0.009043984025806962,0.01068488994419267,0.16002961567295554,0.2839729983711709
candidate_041,1.0,0.75,1.5917931536430487,0.017693588568704385,0.02344127357430801,0.32672942692505674,0.27307756612146
candidate_042,1.0,1.0,1.4214241568083423,0.01398382247807214,0.01759140964519085,0.23762565815562497,0.2961140959806471
candidate_043,1.0,1.25,1.2403749826000774,0.011538282491417268,0.014082161428786249,0.1953713310055146,0.2969168781939053
candidate_044,1.0,1.5,1.0987715980807675,0.009812731395078213,0.011743995717804453,0.17167390161534132,0.28725128218918156
candidate_045,1.0,1.75,0.9979700148985903,0.008533388714463292,0.010074449623637521,0.1510678124773395,0.28381841871771396
candidate_037,1.05,1.2,1.2522767764214284,0.011882168633242431,0.01466412148692471,0.20006344251266103,0.29864504348679966
candidate_038,1.05,1.35,1.1600598842424237,0.010721019957750743,0.01303993670209827,0.1822962059428567,0.2956291060253792
candidate_039,1.05,1.5,1.081144658646792,0.009763960017519587,0.011740989463811163,0.16946678965196543,0.28955497263562696
candidate_040,1.05,1.65,1.0154917830796875,0.00896237632232962,0.010678475820606789,0.1577207784358033,0.2855303439396756
candidate_046,1.15,0.75,1.4676837846042554,0.01726957044086675,0.02360877366272207,0.3422869898578987,0.2561046075096012
candidate_047,1.15,1.0,1.3217264012755217,0.013663421174853559,0.01758467012502452,0.24002894055933174,0.28656635168804906
candidate_048,1.15,1.1,1.2668273766420977,0.012625381458600315,0.01598899271899647,0.2166778917982379,0.29315406795674237
candidate_049,1.15,1.2,1.2088363036158585,0.011731489495987315,0.014659479455526977,0.19862269959201836,0.29703912557766715
candidate_050,1.15,1.25,1.1804068290827903,0.011329485765992697,0.014074598156916245,0.1911812261721758,0.29798212059765183
candidate_051,1.15,1.35,1.1250979894425401,0.010601448733586996,0.013035029369884942,0.1787503757579307,0.2981574329496411
candidate_052,1.15,1.5,1.0496803293000496,0.009666753798685543,0.011735866666294562,0.16477324028951817,0.29485977649527323
candidate_053,1.15,1.65,0.9845178490988191,0.008881560124047977,0.010673241626062646,0.15429814397337624,0.2892472272865175
candidate_054,1.15,1.75,0.9467108309758595,0.008424699807290178,0.010066135154706784,0.14775554691018533,0.2864893687558887
